99af7267804bb574fcdb9ce3215509dfa4eb31bcd4f485581c76144b6d4ad502,0
0c6e9c05a8af06083bf39c82075df168cea3ffb90a58100a1c603dc64122d645,1
fbc60b1e0ea613196e5bbc62ad4dad0627e42feca9ef0a5c3a5871604f037047,2
051e41f45cf595a5e1f3a5d16166bb3379ac962f4e36ab5c187a30774f0d4f68,3
b89206061f466f8cbed8bebc2c45fbefe33a7bf2ce2720e31603eaa04744d30d,4
05983a35e7cee98ec18b9f54057625402592c09db7cb08c41c527ef04202e765,5
84963983907311ce71dabc19b151f5ec7aee9cf44943d0345d6c369c22062fcd,6
5cef3ab7347c236be8fd89207171ea40f6e230a249065fc11d332054ca044e81,7
940961fe4bac56cac8d8a53324b77d84c7bc016bda6b5949bf7764624d16a900,8
1ad69aa0707cf378e8f339cba564f94322132fd30a49c94c1e70222b1f03f8d7,9
3d58d91d97666dbee8fbbc3b41e2f383e7ff9ec08313c92db55dd10287a71552,10
9c5486e40395d79fa8fb31b6a5759b471b087c29d4b082ae187313220f600134,11
7344885170880f30d8fabc1d2df52932e92e0c4808f7397b9cf083600d077455,12
d15bb849abdb5524e2df3d092175ba299e3b1c93eb2e0d1d18f553b55d3419f6,13
24a6840d71b0b611ea5b7760c56c5ca90823291af6478c259eb02a1b0254c3b5,14
e0a1a611ffd63de1e9d9ae136d647fb7860a82882f216b0b1c7068835bc796f0,15
c888f61b2ce6d4afec7b1a253d79334f29cbb9047fc8b3741c71f19442844744,16
4b2a6809d8b430fa9cd9ab676176b1f206dfb284197f0f362776f88c9e0ffec2,17
3e5e814f02f8afcbb95bb03d11f1f95ca5e29de01c8f854498a53f31efe064af,18
04e1e41b1a33732df8cdbd782775f3cf3cf8f62aa8ad027e7d108d8f1f039331,19
d8ff65add381a16aefdba98a1130a8ea0bcc15ca2461cd411d606dee590d4942,20
7f792d380c2abc7dfcda6d7be9fd5e8299f480b38427838b1050406547a28ee3,21
2c7ac3a0d0bcb72f9adbb5e9e545b19c574111c2efd5dc4698f608e70f06ad0d,22
b0f59fd3f739ac1af8dfdca621adb8d73f24809b9fbfff9e1672a236cf008f9a,23
fa5f89579891fa2765cb3d6c27741bbc75579e5fc3b39f091875dfacdfaee4ab,24
d38987434fc91390a81b18584077f1cbbfb68df57a0560935430b36a47010112,25
7ebda5e012a72f1cee99bde70e74d93d60de5053f78d5e6785e737925754dd88,26
96681196f5b5beebe3c8aa0b1e45ec3c2161c2cc2baf6ad8d2f0aac7474ca4eb,27
8dbf929b93f37e35a19ebc3a145d78a14701506d3ceac74bc47b30560b28a280,28
114a19a163bdaeaa6c7b4c4d3574fbfdfd71d453e602e63018626b6dd7076f47,29
0b47631feeb0bc5dec7d0aae773da9c38b28497cd95d1c9c5d71f0185c4fe2b4,30
9c9b5b11921357deead85cb86d73b9176faa5c8de83277821c5e5aa05345e48c,31
f4ad386335a54de7e8de9c882d3f52a1a4192971dadfb2ed1cf20dc2c3a7bfba,32
ce7db456ef3d9a49fccebc743d7cfc7ab28cd9c127c798619076f4b1070281d0,33
eb85eb15aeb3fe2a6882bdef244de990f538c59fe893c23511b3755d4b24dbc5,34
1616416e4153b9ccd45bb5912555e1edd3d2281057e7ebf2547284df5ac380df,35
2b72b891db843c5adcfb1ed0f56378c50758c3d3dba527768e377562cf29bb8e,36
e6ecdf9abcd0e5b2c2dbefdca45569127a3a6342cd8d40ccbc722cfa0e327e0c,37
cdd69856166ec5378842952f6574f9debf266c8a183642d82c3195440c065c95,38
61c7f704709f40eefad9ffbda4759e877898bd7f7c7948fa157457284e544f56,39
dbb6e921f86c86c6ec3ffd356e71fbf618a39b866cbdee371e7dd9f78f067c68,40
03ab7c7f1cc8bb5961dbbd630e75ea954606fb58ef69ae291e742d6ecf0cf0b6,41
cad0a88e0bc90ce149dabe2e9574dd833458c6279a3f9c003cf432f55e152af5,42
1c67a3ac041e9614acdae97d35376873d9a9f123761f166dbc7979af6f27ac88,43
a375d02bc0f7a64d6acbd5a4236448abd75f083e97f002e65c55be8380932e7d,44
f738d94d904e1840a49abf5c2463dfe330de6c7d6ca21ac79c757d07070735e5,45
c253ada524d79644e8fe1fdf41f4fd6c3f2d4b57d79bbec30c399a884f246c8a,46
d59ee63fc84764eb4852b437807779f494f4a2d0ad2301a81324f7e23740707f,47
ea549f5d1739045dacc3b98021e389114209b3002514d20d5563ad714f023206,48
a40dd5707542466ed151ad1e256f36c2dbf3cd405695a15d9ce2365edf04e544,49
17e37f6bb1129ca0a0ddfa9b6b749845930855c1a302858e1f3164301d03a0ee,50
3926fa3951dcd5bcac5fb5dfc521e1f17d59195287e166bf7ef72289c48bfad2,51
678172065b63e758b908b9c96705fbbaf25a12ccfccb39ac5cf67c010718af31,52
6ee7ee5c8eadb62ca8df9ce07571f9b4c5658f3667e89414584f7ffc7f130f12,53
95bd61d6c76e86545afbb8b9a7e49046d141f026ed6af9113e7d8c452e61d450,54
1ad8a4f026fc8806f1d569a425f4f1aa6812cb5921d7f351957f92b31f6a3d12,55
4d7c03fa725976d6e8f5adaa2575e965744b749f2ae42de61ef026ed7f851f57,56
5c40c94d39867260c1fa89ef6f7c31310ff41205cff251754c7f55844f87d985,57
8a4ecef4ed50926cf0d3b5420574dbb1feb117a0a84c528a38e30f47c21e8374,58
2a89b924ba93213a6cd199c3655ca8e823e5471b08a538d77eb1463ce510b466,59
f3b449402d170f9ae3dbfc4d1155d1bdc5cadf7ee4a2b9f02c7e4dc74e15fc83,60
b7583b711f2bf0a7ecdabd316d741826e5b32f252c93293029f6cc6143924a9e,61
468bc5d2ab8ad1ffa8c9bce22c74f2d1fc15e0e33b83bb7e9ef00dbd0f1556cc,62
7543a63e3529231fe1fdb49d2651598de7b79304eb009cb41c3444c98fc45fb1,63
16c52fa1975c397ee08bac01b174bd948aeac1ec56bacaa92c32fe08cf1ff53e,64
7627a8f02c7b811cc8dbabfd0477d8276795a719557f38929cf74b275d500ce5,65
5508ec8253449e3d6e58e8e8656c6884cb25f6e858a78f9a567c8c534d23cde0,66
dacd89211121a03198dbb8652d75d88c5bb49a38bc5c56e31c7323135b6bf3a9,67
f0fb131e03b1410ec1d0bba2a52559009abac47af01797935c34d6dc5d062867,68
8db90d0f7e2e60affadbcfdf39b199153aefa3d0edf6a4a1085f09d10f8190d4,69
b5b7fd79ae28dde9e8dbbc873574da64182079c18add4c721871736343c0588f,70
0bd5ef4c21a1796768fd36a9a17778e3a1879ab94400a1170c61eced48084a6c,71
f27b25e14deca867e8dbbd533965ddf70d386a4549cd120f3595b9af0f00ef36,72
261f4156d2a062116c1b8c6f267779fdfbdbf8bb61c80580da007cc6cf4f8062,73
32ac0386da4fee8beaafa1a0a575f0978c2acd6fadb3563d103c6f464981bb54,74
d8a52983dd5f3dc5e8deba507d64fa1cf7f76158130b0e658bf2248a4fa7ac32,75
a2cd2bd12633835d448b1d58a5257d582add3d6def36ac215ef693cb4c001fa1,76
be7aade58fffbc49b4d8ad332557fb38ed61e157381dabf61c7d657c4541da5b,77
5cd141d934bda8712172dcfc7573719026623827ceb25eac343aeb825b051d01,78
4d655ec9609f0428b8d2bd6c2571d8839347dfef041c00e5103dfa5549829681,79
ab0827dd220242baa9921ec8372d5b13cf9760f2557840c6377097efce4a83c4,80
69913fef74f7f772cad1bda3747df55e49a3bdcfc6a438714cb4acf91e09bd3c,81
bdcce384877edb88e191962be535780a1289d840ff87464d54759a6e3f1da482,82
2a7b6d4c8778aa3ac396fde325557d2a6a820cb907b5858c14156f4b0631dc67,83
5e4d5423444a7bec4dd0fea6655578fd465f5c39974a7fe85c7542a94fd44dcb,84
62df659aad1844d44ac53dd277fdf8c2fec4e6bd3d0af799f4556230eb872e97,85
0c3c0236c4468f8ac0979ffe0577390cebef4ffd58534573b8dd2b484313499c,86
dc09a12cb75eb86240db3c3b245d9ae695a3cbaacc9cc6e916f563c50f036722,87
332a55d51fd91191cbfa79688475a985de1e3f5b85f6aeed5c30f8a8eb294be5,88
fe44ac84b6e79200e8cbc4da33f5f98e8070c10b5a333fb6167214e45ea47a69,89
513dd58932b998bfe2cfbe4f2574faddee5d109c1c51d53eac22b6a8cc085396,90
458e0f6c2b7b44ebe0d125022576f8b925a8635f12df14f0107b10a84f06639d,91
73ee69c35bbd18c5fa8abc610cd5e83673ab3af9bd3dbad0877405b65d2fafc9,92
d660dca2451e95e36c59b9453f5979ebd7ee81cfe02202202a3e7a05dd484483,93
eb374825c1c68b1ceac77e77ad45faaca58b46018eac20b21c76e8cd5e17fcc0,94
204ed624c32ff8eebc9bbc853d34f881ffcac525e8375cb61d5297d54f4010db,95
ed7aa445d8e7546bedd73caa2571f87231333a67a590ae667162a2604f0403a6,96
e9797ba54b937cb0aeeba9eb43f46b44217eae9132b714dd126430cf4dc46326,97
2f213d21b3c411cd2acff834e551dae25fdd79a22c6eb5e31477ff00db42334b,98
c067b7504201067aead2fc0a0ff2fc9cc4288ecb49b9be4c1c72665ece54b915,99
c512a05374015b54e8db98023c20a92cfffa6a8c7b0fec072c9fe1086ca94bee,100
573628d1fa197ed5fdd5b55103bc99821aa00a1fdcebf6341f67f82c47987beb,101
c976e1a5598c5fdec8da3963b1fdfff989028cb22f3bc5010c23694acb20bd55,102
e5acf48ee69567fbaadb9c7f2d55f81bf6f68fc6a6e4662bdc59f9b54b824450,103
c2525c256dfe8e20f9fbf4da266f714de307b8a25de695851227132055554b8e,104
739f9be7d0bf0bcd00c8b83b447ed1815f94f2e08f21ec4418d4bbba6fc9fb89,105
ed82c89270643d2b18dbf73e273dfbe27110cc255c68e54d24f4228cef076560,106
19c78c2407ca79acacd3b9942175daeabf692a4fc537c2b1cd74baf1eb4270ad,107
33c8a834c5b38a81e9ffa42b84743a6ee67cb27ec1ecaa591c77734a4e06e626,108
105bc253251543c3c8ad3908242b5455a74487d70e35fa990c446fd4ca93c5da,109
12ef3da9641877cdfadbc4490574f0c5bebdf1a3b2ebb79b3c54b6c1dd46e39a,110
264ef6a4638e7dc1e9c9b74025bedd84fd2122989b252fbeeef2c8094e08a429,111
37f14096850a9b4ff84bf45405fedb085f174e96b1a41ea53cbe22960d116869,112
5047224d7616d5d8e8cfbca060d9b88d7f961a1bd1f75c5014547e1f8f556dd2,113
9d6704737f99c6e1e0d9dccf3575b0a8f38b263ed06a8e8f983c837d2f133815,114
5695fac372c01f3f28d9dd8a29b07e67262a5d4a4184a9ae1c560051c947b8e7,115
8b0b1221dddbfac9e8d2889e7165fa0c9722fc7718c1cddeb47fb032068638e2,116
470cdbb4a8bff8ebc0b3fd2c25e1a11ae3346a80953766271c7085f04b07b5de,117
3bbca87b7b491800ea8a9645affdf1b4812c88fbab387d8714671c99470db6dc,118
06254f67c0ac4b3538c63d7975357adff5036466f5f505ff961522a44b83aafb,119
66cab30ce11b987fa897ddc73149e867d4a757a95dd338be18759a8a4b50a4a2,120
b13b4a0735c6c8f3f85bae950d729d378447fb306676d7e91442c4b60f0137aa,121
475e70ac6d137af4ecc3bde3257de9db01341452afbf8c8a6ee9f56f490c4400,122
95bd55691fab58156bcbf5ca35792d89be577cd67cae32bf15e5167267924ac8,123
1acd62537d2c0b17ea57a4f18f3de8cfbb0624049cc2137b0e748b899a43a1ba,124
5dda08c58ef8243a596a4710302538685cd6c06fb44846f0687004086fce7e40,125
a92daf4fca201c13ccdb6fc7c477f86abe28b747ca849e510d7f63934f2644e9,126
2f0af059fa14bb0dec7fbcffc575ec5ec2d8d45a4e706dac1c26dc124b013ee1,127
e813b1dee05a28abfad93a466751eb5ae8a7e6470e96d2690ff4011103097bdd,128
1b3facaefa07614ca9b9de107cf7e85085885bba2fadb44abd61d9d6cf06f49e,129
beb3c4c41ffcf406acd89d3f1469795f72f1e0fb6ac4c9f95035b6d9c15797ae,130
5f4079d30ca5db17c8dbbcdd0938d598e20cad4b1e34d00d582772280b81c22b,131
18fb03f40aa32888a889a9856534a1d39a58bac1912295271c46b0c7e9018456,132
a59a4ab1ba8934c0afdb9c212734d92a933f06bc841b255614f18dc24f106ec4,133
6f5875abd970a02088c3b5d024f7fff44d66856337c2257d59706a6f0da72881,134
fde69276b09ded27e8db3e45a565f81fcd1780a1f4dd8db15c35171807099e12,135
ba589a38151cee8ee8da38640db968a23085592d906f3cc29a307ef9ef1898e8,136
ea48dc738e0b26d4cc5bbb27c797f9a6c8884c8b68bec0c26851453144648cab,137
3f9e4afbe3077019e0d19cf51738ed27eee9d0dc6a3dba8043707e376708b61d,138
9a55361dbdb3d601e2dbbb036531f9f1f92f8bb981ad7f4b1c53a3a3de9032fc,139
eee38ef0b0991f07f98afccfb41479223db5626c8072959fbe76a6a068b566c0,140
d5c1e5ad9950443f609fa9ea75643059b64b4dbec3123e3e7c26f1c849ac5944,141
fb9f6b68327da520f6dab557a5794c5e37e5d8f013295ea5d4709f604f05bc54,142
032f2ed48f68613bddd8bc882575d900cc70fc1316aea7a3546a67a22f01529a,143
8f885986c1172563a45b3c993111a8f571d4e034156eb2e61c566ccbef954c52,144
bffee1b28a7079a0f8dbbcde26d53d9459df5868dd5b43711c7355234a23db38,145
4eca61e26986a57a38db3f7e2c6120cd54c530cb2252cc057e739a6c7d26424f,146
f8b2d852116b70caa8dfdaf53700fc0bf391ff33dfc4caf79c3155fe4ab37e81,147
23d4e786aa8e7b1d79daa5cb2575795740d65a0ffc99bd2d1c3258ce4f213334,148
9e7be6ba2c4fcc666c5badc327b5b59a1e69a611e180a3e930b3550c4f021b08,149
d285183fa90b28b9ea5b39ae373fb9ab7b220f6ce7fed49ea4fca0075f902b19,150
a2b43ff8d8bfcfc7a94f0fd66777fcd0567008877b8b2f3a5c639f394b1c0b3b,151
c3c789a50071d1ecae9bf9af2575d8ce39a971c811f256e31e7759d44392da6e,152
af9b6dd3a0548caef8dcfda861f7b2782ffb3a48d4479d391e500e7fcf936ec3,153
b2512e752da72377fadffd8225e2fb807638b4e45675539e9836365c8d140ab5,154
fbcc0e970c5be952cb9cf96325195b1d2dd2d4bcdce89774e777b22eed15ce58,155
85e32e01c7ec155a40db1d9520a5f9a1167978920ae123577c7d4f8c0fceddea,156
f6af5aa1f460af42f97bb575a87efd6a46ba7f83dc8850275ca7209a85c020fe,157
03f39e88a6d768fdf297bd3c477cf1d065cd542f19de7b0a3070276b52038fd1,158
0a52f297718e796928fbbb2611fd59aecb36a01aad275dc15dfe67bf3f2e16ee,159
df3b5da633ec759ae808242b64d15190b1579da21848d811d653dbe14f223d43,160
3d721c3e7cbdf0817bc99ccead6d605b9d9fbc85e623da985464de408d11563d,161
f07023751e36a666f2cfdfed6778f859ca2d279983ef439c57e5b76ba90018fc,162
9305c8696da71b1a68ce9d213764928ef6679dec0d823f759c72baf6479039dd,163
575a93090e484ac0c849bbeb2b3539822556d2b05734080a4c68f98f0f023a93,164
920f75b5e5d5bfbc6ade3ceda377e9f2aa2b0a33dabf85fb1ce0bf60094f43f7,165
3330408afd6b999c88dbe50e413dc8b762041262fc7029ae4e767794cf05d750,166
7cec5bb394ca5046e8dbbe1214f78dafb0c85d86f3a4b89a0c23add46e064687,167
e256edd2a6b5affbfadd1d50bd2c99d07b75b07f0aeec5d53c54e2b5e507726a,168
5f672bdacb783e06a8fa9787b57f99d7a2fe7e7ac59d948c086e0dfe0f10c7e5,169
e845e56ebf4d6c8be032ff8121afe407691a1c077624149f1f7f7e9f7f403642,170
fc58ab9056c5579ee8d8fc12467dfba4cf91001a004c29821c56460d4fa440ce,171
473b85916f76c37408bbfff945522a92e292ab67f22ad7aa18fe2a2e191ebc84,172
48c59f9b661fef90ea1bfd7f2575805aa852faa26511b9fd386199dd932e6506,173
b98ae4c6444820bbec7a8dfd1974e07c85786cbf69ffe7cb72324086934461be,174
64e6a421af7e2e050859bd260da0e916b108443bf689879d0d549eec494e6f5b,175
8fee5b803038a6adf95ba23e0f78ff7594139d25d2d9a61f16b2240045436db3,176
cffe173c70ed5c75e0dbdfe3a56de14d6988a2cea1c4bdd91cf66a3b0f002b62,177
b6236dffbde0d434a2da96a92744b9cc87896567715e0b6a5cf189c50d444004,178
f26002f05e5ce75abc0bb81d25717a54b6d2a3837b7452d59cf413000f1bbbd4,179
5af0d9b2c6c81a0260d834302035a014fff1dad2086b24a3743b661e45443435,180
4d3f2f0d054c9b2aeffbbcbfa5e6f17964df3b5a2f8d664f1e711bc04d49883e,181
6c6637dbf80be9eec08298ae27d1785a6e711a266a085f3d8d671e104701137e,182
6bb4d99d4eee5f2a78599198002df84e31909f30b7677acc3bdd51fe0c1c96d4,183
89552c931b23648b1cdbae99656df86929d6f34442662f3a0de222e3e54263e6,184
6b1bbea9938fda97ed9bb8bd3545795d6366b7c39b10fd795c43b07381a3ca20,185
04ff1e4cfc3616b7a89bbf3eb547f8c4bc4eafc93dbff5fd8c5593000e195a43,186
3afd576c82298277e95bceb32175f83c873313fa2923743efa72ee784f07b355,187
978b528d1cb1aaeef05e94a57161f82fd9059cd1421c29b89c762841ef3953ce,188
eed408b5d51162f868bb990c2765935f6ae609b9fcbbd747143c68104f03b4d9,189
39d34179291f0313c0ebbdafef50380e18ce6fd72e94d11f1c3fd3014d045f53,190
01870d2e84d142f7c847bcf364343d27368c583aaeabf0531c113ceb4f157ead,191
03fc54f55134b15ee85be8922525a963c291b7a305ed84aebc37504fc607af47,192
97be23ed945355c5e0fbee3f3dfcdaf7c00d3fa9a8eb99603c7c9899c952b1f2,193
9715af694cb63e00c8d30c4531f5c89aa19f1cbb614068fc7b56f6984b03dcd8,194
eedfa0fa59d0900dcc88bd296d75e85931df25ed0b8e419d2c6b0e5303e3add5,195
a075382f603c00da08efe5f0a07dcfe47c0fa183c414aae10f71a9e1cb1fe1f5,196
5041b57674bda639aa1bfc4f7475d5e230f84e966303f35c8fd4d4a84605f3bd,197
2912aeac3bcc665e6d5f35ee75675afaa0e7fd55015f170ec9c7eac40e8a5dcb,198
f9998b676de2455ee86fb49b2471f9171a218bc5d2f6a391b46adc090d13c909,199
5a3274f31ee034ae8cdbeea47024bb39fe4691e9f7f535ba5c74a5accf5365ac,200
60f0eec3ea5188fa2cf8b1feb657aa0a421904c647416dc61a6b21fb4f15338a,201
e29a5726cc7d7328e5d3314f61a2f835c583f0bbbdc260df1f73054b4f639dac,202
8165fc4d799a4830f0daacf62779f9472365961c84a7a69d3c776bdf4d0bc063,203
699614972c05a6d2edb8afc0359d396a4dcb2da2ef1617481496bde9cf08ecbb,204
fb2ff1f3aa085cf9ecbabeea64fcbf13f54d115b128f838bbcb7c2d60fc275f4,205
09a74d2dace6a2a2f1ebff81d574f1bfd852d95126dfa18fdd7735940f0621a2,206
fc1c6181743041ca685ab81b2477f96b226d97b0ee7082f00e7059881d427fa0,207
9da1205f0b5a4438e9db9d7d2131b82a6c433f49cb9f0cd7bce1fb53eb55d7f1,208
d5b15586fbb297eaa811e58325747838eed754e8847e58405c51ddc9c6419173,209
b16c213a8375001869dafc3125b5f3ca16910436b07ecd1b1415f04e4b16ae4c,210
9de44f2ebd588b18d9dbad4425303a0709fda1b277c9fa568d7f3406430e65ee,211
009ec9541e3dfed1e9e434fa9171c9319494419922ea3aab1d7b0fea4f8d6bad,212
351ed0b4c14a9e84180b30c2177079da77fa98a5b717f58510646be16f15b925,213
a1ced7a5dc61c810cacb9d0305b59cbb8631e7ca896ed9e0387cc4815b096759,214
6546979cfdaf7e87cdd99ff96c75f1580a34628cc868d4b21ff5120e6e2121e7,215
ccaf26b98c5a929fc85795fe2535f8013db58a7a413864bd1f2d704d7d13a5a7,216
f82954fb8f119c2ee8cabe4f363784d20088e400ed783f441155541a45916d23,217
9b7e09780adb41bfe963ac662575f8cdfb7ab24d4d44a7a61c7221085f470392,218
41585cd2daf850ef4853ba042104fb22464c64afcf291d61d8fb889e5d4a6cc0,219
3baa6151af64feb0ead0fad3ab45febad5abd46cf56e949452753c1b0f0704dd,220
967e319308176d20c9b799bf3451f18086a5be786cf1b1541071be7d4f800c66,221
0bf5be420983f23ae1ebdec76563d94709a94b6df71229261c53810b4600f496,222
4987748b59747e6ef8cba5796157edce85bdd7e671ea0cae595e20d94cf02b4e,223
39c6fc1f7865fdc449cd9c1907f5f9ab4d6e4b1cf5e68a4d0c7f8d7b4b675d74,224
e681c3ddc11e3c12c09aacd7312158f2c5df342eb10c78111573bfa86f16f294,225
b864874bcd602bbd281bbb8976f5f8f9af9b15a923dfc9703c76e5e357241a74,226
07b2c2a8eac78bf72cdabcbc3534fc828a41b002f4c7cc83b8f621310f17a52c,227
