a810ad431d0a00f0ee9ee8b4276cb90aec76fe010e348b065c6483000a059511,78eefd986f42bd99820aee80f5acb86
7550f89badf48016c89b1bad6575f804a658bacd9e539af60eeeda28cc016f83,0080d6a2aa15659a8405828603ec4b6
a810ad431d0a00f0ee9ee8b4276cb90aec76fe010e348b065c6483000a059511,78eefd986f42bd99820aee80f5acb86
7550f89badf48016c89b1bad6575f804a658bacd9e539af60eeeda28cc016f83,0080d6a2aa15659a8405828603ec4b6
a810ad431d0a00f0ee9ee8b4276cb90aec76fe010e348b065c6483000a059511,78eefd986f42bd99820aee80f5acb86
7550f89badf48016c89b1bad6575f804a658bacd9e539af60eeeda28cc016f83,0080d6a2aa15659a8405828603ec4b6
a810ad431d0a00f0ee9ee8b4276cb90aec76fe010e348b065c6483000a059511,78eefd986f42bd99820aee80f5acb86
7550f89badf48016c89b1bad6575f804a658bacd9e539af60eeeda28cc016f83,0080d6a2aa15659a8405828603ec4b6
a810ad431d0a00f0ee9ee8b4276cb90aec76fe010e348b065c6483000a059511,78eefd986f42bd99820aee80f5acb86
7550f89badf48016c89b1bad6575f804a658bacd9e539af60eeeda28cc016f83,0080d6a2aa15659a8405828603ec4b6
a810ad431d0a00f0ee9ee8b4276cb90aec76fe010e348b065c6483000a059511,78eefd986f42bd99820aee80f5acb86
7550f89badf48016c89b1bad6575f804a658bacd9e539af60eeeda28cc016f83,0080d6a2aa15659a8405828603ec4b6
a810ad431d0a00f0ee9ee8b4276cb90aec76fe010e348b065c6483000a059511,78eefd986f42bd99820aee80f5acb86
7550f89badf48016c89b1bad6575f804a658bacd9e539af60eeeda28cc016f83,0080d6a2aa15659a8405828603ec4b6
a810ad431d0a00f0ee9ee8b4276cb90aec76fe010e348b065c6483000a059511,78eefd986f42bd99820aee80f5acb86
7550f89badf48016c89b1bad6575f804a658bacd9e539af60eeeda28cc016f83,0080d6a2aa15659a8405828603ec4b6
a810ad431d0a00f0ee9ee8b4276cb90aec76fe010e348b065c6483000a059511,78eefd986f42bd99820aee80f5acb86
7550f89badf48016c89b1bad6575f804a658bacd9e539af60eeeda28cc016f83,0080d6a2aa15659a8405828603ec4b6
a810ad431d0a00f0ee9ee8b4276cb90aec76fe010e348b065c6483000a059511,78eefd986f42bd99820aee80f5acb86
7550f89badf48016c89b1bad6575f804a658bacd9e539af60eeeda28cc016f83,0080d6a2aa15659a8405828603ec4b6
a810ad431d0a00f0ee9ee8b4276cb90aec76fe010e348b065c6483000a059511,78eefd986f42bd99820aee80f5acb86
7550f89badf48016c89b1bad6575f804a658bacd9e539af60eeeda28cc016f83,0080d6a2aa15659a8405828603ec4b6
a810ad431d0a00f0ee9ee8b4276cb90aec76fe010e348b065c6483000a059511,78eefd986f42bd99820aee80f5acb86
7550f89badf48016c89b1bad6575f804a658bacd9e539af60eeeda28cc016f83,0080d6a2aa15659a8405828603ec4b6
a810ad431d0a00f0ee9ee8b4276cb90aec76fe010e348b065c6483000a059511,78eefd986f42bd99820aee80f5acb86
7550f89badf48016c89b1bad6575f804a658bacd9e539af60eeeda28cc016f83,0080d6a2aa15659a8405828603ec4b6
a810ad431d0a00f0ee9ee8b4276cb90aec76fe010e348b065c6483000a059511,78eefd986f42bd99820aee80f5acb86
7550f89badf48016c89b1bad6575f804a658bacd9e539af60eeeda28cc016f83,0080d6a2aa15659a8405828603ec4b6
a810ad431d0a00f0ee9ee8b4276cb90aec76fe010e348b065c6483000a059511,78eefd986f42bd99820aee80f5acb86
7550f89badf48016c89b1bad6575f804a658bacd9e539af60eeeda28cc016f83,0080d6a2aa15659a8405828603ec4b6
a810ad431d0a00f0ee9ee8b4276cb90aec76fe010e348b065c6483000a059511,78eefd986f42bd99820aee80f5acb86
7550f89badf48016c89b1bad6575f804a658bacd9e539af60eeeda28cc016f83,0080d6a2aa15659a8405828603ec4b6
a810ad431d0a00f0ee9ee8b4276cb90aec76fe010e348b065c6483000a059511,78eefd986f42bd99820aee80f5acb86
7550f89badf48016c89b1bad6575f804a658bacd9e539af60eeeda28cc016f83,0080d6a2aa15659a8405828603ec4b6
a810ad431d0a00f0ee9ee8b4276cb90aec76fe010e348b065c6483000a059511,78eefd986f42bd99820aee80f5acb86
7550f89badf48016c89b1bad6575f804a658bacd9e539af60eeeda28cc016f83,0080d6a2aa15659a8405828603ec4b6
a810ad431d0a00f0ee9ee8b4276cb90aec76fe010e348b065c6483000a059511,78eefd986f42bd99820aee80f5acb86
7550f89badf48016c89b1bad6575f804a658bacd9e539af60eeeda28cc016f83,0080d6a2aa15659a8405828603ec4b6
a810ad431d0a00f0ee9ee8b4276cb90aec76fe010e348b065c6483000a059511,78eefd986f42bd99820aee80f5acb86
7550f89badf48016c89b1bad6575f804a658bacd9e539af60eeeda28cc016f83,0080d6a2aa15659a8405828603ec4b6
a810ad431d0a00f0ee9ee8b4276cb90aec76fe010e348b065c6483000a059511,78eefd986f42bd99820aee80f5acb86
7550f89badf48016c89b1bad6575f804a658bacd9e539af60eeeda28cc016f83,0080d6a2aa15659a8405828603ec4b6
a810ad431d0a00f0ee9ee8b4276cb90aec76fe010e348b065c6483000a059511,78eefd986f42bd99820aee80f5acb86
7550f89badf48016c89b1bad6575f804a658bacd9e539af60eeeda28cc016f83,0080d6a2aa15659a8405828603ec4b6
a810ad431d0a00f0ee9ee8b4276cb90aec76fe010e348b065c6483000a059511,78eefd986f42bd99820aee80f5acb86
7550f89badf48016c89b1bad6575f804a658bacd9e539af60eeeda28cc016f83,0080d6a2aa15659a8405828603ec4b6
a810ad431d0a00f0ee9ee8b4276cb90aec76fe010e348b065c6483000a059511,78eefd986f42bd99820aee80f5acb86
7550f89badf48016c89b1bad6575f804a658bacd9e539af60eeeda28cc016f83,0080d6a2aa15659a8405828603ec4b6
a810ad431d0a00f0ee9ee8b4276cb90aec76fe010e348b065c6483000a059511,78eefd986f42bd99820aee80f5acb86
7550f89badf48016c89b1bad6575f804a658bacd9e539af60eeeda28cc016f83,0080d6a2aa15659a8405828603ec4b6
