b1ebb428ac399f882f1cbc363d446f6,f8879b5be84034b81b4a18f25c2e3e7
b1ebb428ac399f882f1cbc363d446f6,f8879b5be84034b81b4a18f25c2e3e7
b1ebb428ac399f882f1cbc363d446f6,f8879b5be84034b81b4a18f25c2e3e7
b1ebb428ac399f882f1cbc363d446f6,f8879b5be84034b81b4a18f25c2e3e7
b1ebb428ac399f882f1cbc363d446f6,f8879b5be84034b81b4a18f25c2e3e7
b1ebb428ac399f882f1cbc363d446f6,f8879b5be84034b81b4a18f25c2e3e7
b1ebb428ac399f882f1cbc363d446f6,f8879b5be84034b81b4a18f25c2e3e7
b1ebb428ac399f882f1cbc363d446f6,f8879b5be84034b81b4a18f25c2e3e7
b1ebb428ac399f882f1cbc363d446f6,f8879b5be84034b81b4a18f25c2e3e7
b1ebb428ac399f882f1cbc363d446f6,f8879b5be84034b81b4a18f25c2e3e7
b1ebb428ac399f882f1cbc363d446f6,f8879b5be84034b81b4a18f25c2e3e7
b1ebb428ac399f882f1cbc363d446f6,f8879b5be84034b81b4a18f25c2e3e7
b1ebb428ac399f882f1cbc363d446f6,f8879b5be84034b81b4a18f25c2e3e7
b1ebb428ac399f882f1cbc363d446f6,f8879b5be84034b81b4a18f25c2e3e7
b1ebb428ac399f882f1cbc363d446f6,f8879b5be84034b81b4a18f25c2e3e7
b1ebb428ac399f882f1cbc363d446f6,f8879b5be84034b81b4a18f25c2e3e7
b1ebb428ac399f882f1cbc363d446f6,f8879b5be84034b81b4a18f25c2e3e7
b1ebb428ac399f882f1cbc363d446f6,f8879b5be84034b81b4a18f25c2e3e7
b1ebb428ac399f882f1cbc363d446f6,f8879b5be84034b81b4a18f25c2e3e7
b1ebb428ac399f882f1cbc363d446f6,f8879b5be84034b81b4a18f25c2e3e7
b1ebb428ac399f882f1cbc363d446f6,f8879b5be84034b81b4a18f25c2e3e7
b1ebb428ac399f882f1cbc363d446f6,f8879b5be84034b81b4a18f25c2e3e7
b1ebb428ac399f882f1cbc363d446f6,f8879b5be84034b81b4a18f25c2e3e7
b1ebb428ac399f882f1cbc363d446f6,f8879b5be84034b81b4a18f25c2e3e7
b1ebb428ac399f882f1cbc363d446f6,f8879b5be84034b81b4a18f25c2e3e7
b1ebb428ac399f882f1cbc363d446f6,f8879b5be84034b81b4a18f25c2e3e7
b1ebb428ac399f882f1cbc363d446f6,f8879b5be84034b81b4a18f25c2e3e7
b1ebb428ac399f882f1cbc363d446f6,f8879b5be84034b81b4a18f25c2e3e7
b1ebb428ac399f882f1cbc363d446f6,f8879b5be84034b81b4a18f25c2e3e7
b1ebb428ac399f882f1cbc363d446f6,f8879b5be84034b81b4a18f25c2e3e7
b1ebb428ac399f882f1cbc363d446f6,f8879b5be84034b81b4a18f25c2e3e7
b1ebb428ac399f882f1cbc363d446f6,f8879b5be84034b81b4a18f25c2e3e7
b1ebb428ac399f882f1cbc363d446f6,f8879b5be84034b81b4a18f25c2e3e7
b1ebb428ac399f882f1cbc363d446f6,f8879b5be84034b81b4a18f25c2e3e7
b1ebb428ac399f882f1cbc363d446f6,f8879b5be84034b81b4a18f25c2e3e7
b1ebb428ac399f882f1cbc363d446f6,f8879b5be84034b81b4a18f25c2e3e7
b1ebb428ac399f882f1cbc363d446f6,f8879b5be84034b81b4a18f25c2e3e7
b1ebb428ac399f882f1cbc363d446f6,f8879b5be84034b81b4a18f25c2e3e7
b1ebb428ac399f882f1cbc363d446f6,f8879b5be84034b81b4a18f25c2e3e7
b1ebb428ac399f882f1cbc363d446f6,f8879b5be84034b81b4a18f25c2e3e7
b1ebb428ac399f882f1cbc363d446f6,f8879b5be84034b81b4a18f25c2e3e7
b1ebb428ac399f882f1cbc363d446f6,f8879b5be84034b81b4a18f25c2e3e7
b1ebb428ac399f882f1cbc363d446f6,f8879b5be84034b81b4a18f25c2e3e7
b1ebb428ac399f882f1cbc363d446f6,f8879b5be84034b81b4a18f25c2e3e7
b1ebb428ac399f882f1cbc363d446f6,f8879b5be84034b81b4a18f25c2e3e7
b1ebb428ac399f882f1cbc363d446f6,f8879b5be84034b81b4a18f25c2e3e7
b1ebb428ac399f882f1cbc363d446f6,f8879b5be84034b81b4a18f25c2e3e7
b1ebb428ac399f882f1cbc363d446f6,f8879b5be84034b81b4a18f25c2e3e7
b1ebb428ac399f882f1cbc363d446f6,f8879b5be84034b81b4a18f25c2e3e7
b1ebb428ac399f882f1cbc363d446f6,f8879b5be84034b81b4a18f25c2e3e7
